<?xml version="1.0"?>

<cache-config xmlns:xsi="http://www.w3.org/2001/XMLSchema-instance"
              xmlns="http://xmlns.oracle.com/coherence/coherence-cache-config"
              xsi:schemaLocation="http://xmlns.oracle.com/coherence/coherence-cache-config coherence-cache-config.xsd">
  <defaults>
    <serializer>pof</serializer>
  </defaults>

  <caching-scheme-mapping>
    <cache-mapping>
      <cache-name>security*</cache-name>
      <scheme-name>ExamplesPartitionedPofScheme</scheme-name>
      <key-type>java.lang.String</key-type>
      <value-type>java.lang.String</value-type>
    </cache-mapping>
  </caching-scheme-mapping>

  <caching-schemes>
    <distributed-scheme>
      <scheme-name>ExamplesPartitionedPofScheme</scheme-name>
      <service-name>PartitionedPofCache</service-name>
      <backing-map-scheme>
        <storage-authorizer>MyLogAuthorizer</storage-authorizer>
        <local-scheme>
          <!-- each node will be limited to 32MB -->
          <high-units>32M</high-units>
          <unit-calculator>binary</unit-calculator>
        </local-scheme>
      </backing-map-scheme>
      <autostart>true</autostart>
    </distributed-scheme>

    <!--
    Proxy Service scheme that allows remote clients to connect to the
    cluster over TCP/IP.
    -->
    <proxy-scheme>
      <scheme-name>secure-proxy</scheme-name>
      <service-name>TcpProxyService</service-name>

      <proxy-config>
        <cache-service-proxy>
          <class-name>com.tangosol.examples.security.EntitledCacheService</class-name>
          <init-params>
            <init-param>
              <param-type>com.tangosol.net.CacheService</param-type>
              <param-value>{service}</param-value>
            </init-param>
         </init-params>
        </cache-service-proxy>
        <invocation-service-proxy>
          <class-name>com.tangosol.examples.security.EntitledInvocationService</class-name>
          <init-params>
            <init-param>
              <param-type>com.tangosol.net.InvocationService</param-type>
              <param-value>{service}</param-value>
            </init-param>
          </init-params>
        </invocation-service-proxy>
      </proxy-config>
      <autostart>true</autostart>
    </proxy-scheme>
  </caching-schemes>
</cache-config>