<?xml version='1.0'?>

<coherence  xmlns:xsi="http://www.w3.org/2001/XMLSchema-instance"
            xmlns="http://xmlns.oracle.com/coherence/coherence-operational-config"
            xsi:schemaLocation="http://xmlns.oracle.com/coherence/coherence-operational-config coherence-operational-config.xsd">

  <cluster-config>
    <storage-authorizers>
      <storage-authorizer id="MyLogAuthorizer">
        <class-name>com.tangosol.examples.security.MyLogAuthorizer</class-name>
      </storage-authorizer>
    </storage-authorizers>
  </cluster-config>

  <security-config>
    <identity-asserter>
      <class-name>com.tangosol.examples.security.PasswordIdentityAsserter</class-name>
    </identity-asserter>
    <identity-transformer>
      <class-name>com.tangosol.examples.security.PasswordIdentityTransformer</class-name>
    </identity-transformer>
    <subject-scope>true</subject-scope>
  </security-config>
</coherence>
