<?xml version="1.0"?>

<cache-config xmlns:xsi="http://www.w3.org/2001/XMLSchema-instance"
              xmlns="http://xmlns.oracle.com/coherence/coherence-cache-config"
              xsi:schemaLocation="http://xmlns.oracle.com/coherence/coherence-cache-config coherence-cache-config.xsd">
  <caching-scheme-mapping>
    <cache-mapping>
      <cache-name>*</cache-name>
      <scheme-name>federated</scheme-name>
      <key-type>com.tangosol.util.UUID</key-type>
      <value-type>java.lang.String</value-type>
    </cache-mapping>
  </caching-scheme-mapping>

  <caching-schemes>
    <federated-scheme>
      <scheme-name>federated</scheme-name>
      <service-name>FederatedPartitionedPofCache</service-name>
      <backing-map-scheme>
        <local-scheme>
          <high-units>0</high-units>
          <unit-calculator>BINARY</unit-calculator>
        </local-scheme>
      </backing-map-scheme>
      <autostart>true</autostart>
    </federated-scheme>
  </caching-schemes>
</cache-config>