<?xml version="1.0"?>

<coherence xmlns:xsi="http://www.w3.org/2001/XMLSchema-instance"
   xmlns="http://xmlns.oracle.com/coherence/coherence-operational-config"
   xsi:schemaLocation="http://xmlns.oracle.com/coherence/coherence-operational-config coherence-operational-config.xsd"
   xml-override="../common/tangosol-coherence-override.xml">

  <!-- configuration for SSL communications between clusters -->
  <cluster-config>
    <socket-providers>
      <socket-provider id="mySSLConfig">
        <ssl>
          <protocol>TLS</protocol>
          <identity-manager>
            <algorithm>SunX509</algorithm>
            <key-store>
              <url system-property="identity.manager">file:server.jks</url>
              <password>password</password>
              <type>JKS</type>
            </key-store>
            <password>password</password>
          </identity-manager>
          <trust-manager>
            <algorithm>SunX509</algorithm>
            <key-store>
              <url>file:trust.jks</url>
              <password>password</password>
              <type>JKS</type>
            </key-store>
          </trust-manager>
          <socket-provider>tcp</socket-provider>
        </ssl>
      </socket-provider>
    </socket-providers>
  </cluster-config>

  <!-- To enable jmx connections -->
  <management-config>
    <managed-nodes system-property="coherence.management">all</managed-nodes>
  </management-config>

  <!--
  Define a federation configuration for ClusterA and ClusterB
  where the default topology is Active-Active.
  -->
  <federation-config>
    <participants>
      <participant>
        <name>ClusterA</name>
        <remote-addresses>
          <socket-address>
            <address>127.0.0.1</address>
            <port>11100</port>
          </socket-address>
        </remote-addresses>
      </participant>
      <participant>
        <name>ClusterB</name>
        <remote-addresses>
          <socket-address>
            <address>127.0.0.1</address>
            <port>11200</port>
          </socket-address>
        </remote-addresses>
      </participant>
    </participants>
  </federation-config>
</coherence>
