<?xml version="1.0"?>

<cache-config xmlns:xsi="http://www.w3.org/2001/XMLSchema-instance"
              xmlns="http://xmlns.oracle.com/coherence/coherence-cache-config"
              xsi:schemaLocation="http://xmlns.oracle.com/coherence/coherence-cache-config coherence-cache-config.xsd">
  <defaults>
    <serializer>pof</serializer>
  </defaults>

  <caching-scheme-mapping>
    <cache-mapping>
      <cache-name>contacts</cache-name>
      <scheme-name>ExamplesPartitionedPofScheme</scheme-name>
      <key-type>com.tangosol.examples.pof.ContactId</key-type>
      <value-type>com.tangosol.examples.pof.Contact</value-type>
    </cache-mapping>
    <cache-mapping>
      <cache-name>contacts2</cache-name>
      <scheme-name>ExamplesPartitionedPofScheme2</scheme-name>
      <key-type>com.tangosol.examples.pof.ContactId</key-type>
      <value-type>com.tangosol.examples.pof.Contact</value-type>
    </cache-mapping>
    <cache-mapping>
      <cache-name>*</cache-name>
      <scheme-name>ExamplesPartitionedPofScheme</scheme-name>
    </cache-mapping>
  </caching-scheme-mapping>

  <caching-schemes>
    <distributed-scheme>
      <scheme-name>ExamplesPartitionedPofScheme</scheme-name>
      <service-name>PartitionedPofCache</service-name>
      <backup-count>1</backup-count>
      <backing-map-scheme>
        <transient>{transient false}</transient>
        <local-scheme>
          <unit-calculator>BINARY</unit-calculator>
          <expiry-delay>0</expiry-delay>
        </local-scheme>
      </backing-map-scheme>
      <persistence>
        <environment>default-active</environment>
        <archiver >shared-directory-archiver</archiver>
      </persistence>
      <!--
      <partitioned-quorum-policy-scheme>
        <recover-quorum>2</recover-quorum>
      </partitioned-quorum-policy-scheme>
      -->
      <autostart>true</autostart>
    </distributed-scheme>

    <distributed-scheme>
      <scheme-name>ExamplesPartitionedPofScheme2</scheme-name>
      <service-name>PartitionedPofCache2</service-name>
      <backup-count>1</backup-count>
      <backing-map-scheme>
        <transient>{transient false}</transient>
        <local-scheme>
          <unit-calculator>BINARY</unit-calculator>
          <expiry-delay>0</expiry-delay>
        </local-scheme>
      </backing-map-scheme>
      <persistence>
        <environment>default-active</environment>
        <archiver>shared-directory-archiver</archiver>
      </persistence>
      <!--
      <partitioned-quorum-policy-scheme>
        <recover-quorum>2</recover-quorum>
      </partitioned-quorum-policy-scheme>
      -->
      <autostart>true</autostart>
    </distributed-scheme>
  </caching-schemes>
</cache-config>