<?xml version="1.0"?>

<cache-config xmlns:xsi="http://www.w3.org/2001/XMLSchema-instance"
              xmlns="http://xmlns.oracle.com/coherence/coherence-cache-config"
              xsi:schemaLocation="http://xmlns.oracle.com/coherence/coherence-cache-config coherence-cache-config.xsd">
  <defaults>
    <serializer>pof</serializer>
  </defaults>

  <caching-scheme-mapping>
    <cache-mapping>
      <cache-name>events</cache-name>
      <scheme-name>events-distributed-scheme</scheme-name>
      <key-type>java.lang.Integer</key-type>
      <value-type>java.lang.String</value-type>
      <interceptors>
        <interceptor>
          <instance>
            <class-name>com.tangosol.examples.events.TimedTraceInterceptor</class-name>
            <init-params>
              <init-param>
                <param-type>int</param-type>
                <param-value>100</param-value>
              </init-param>
            </init-params>
          </instance>
        </interceptor>
      </interceptors>
    </cache-mapping>

    <cache-mapping>
      <cache-name>vetod-events</cache-name>
      <scheme-name>events-distributed-scheme</scheme-name>
      <key-type>java.lang.String</key-type>
      <value-type>java.lang.String</value-type>
      <interceptors>
        <interceptor>
          <instance>
            <class-name>com.tangosol.examples.events.CantankerousInterceptor</class-name>
          </instance>
        </interceptor>
      </interceptors>
    </cache-mapping>

    <cache-mapping>
      <cache-name>events-results</cache-name>
      <scheme-name>dist-events-results</scheme-name>
      <key-type>java.lang.String</key-type>
      <value-type>java.lang.String</value-type>
    </cache-mapping>
  </caching-scheme-mapping>

  <caching-schemes>
    <distributed-scheme>
      <scheme-name>events-distributed-scheme</scheme-name>
      <service-name>PartitionedPofCache</service-name>
      <backing-map-scheme>
        <local-scheme>
          <!-- each node will be limited to 32MB -->
          <high-units>32M</high-units>
          <unit-calculator>binary</unit-calculator>
        </local-scheme>
      </backing-map-scheme>
      <autostart>true</autostart>
      <interceptors>
        <interceptor>
          <instance>
            <class-name>com.tangosol.examples.events.RedistributionInterceptor</class-name>
          </instance>
        </interceptor>
      </interceptors>
    </distributed-scheme>

    <!--
    A PartitionedCache service used to store results for events examples
    -->
    <distributed-scheme>
      <scheme-name>dist-events-results</scheme-name>
      <service-name>PartitionedEventsResults</service-name>
      <backing-map-scheme>
          <local-scheme/>
      </backing-map-scheme>
      <autostart>true</autostart>
    </distributed-scheme>
 
    <!--
    Invocation Service scheme.
    -->
    <invocation-scheme>
      <scheme-name>examples-invocation</scheme-name>
      <service-name>InvocationService</service-name>
      <autostart system-property="coherence.invocation.autostart">true</autostart>
    </invocation-scheme>
  </caching-schemes>
</cache-config>