<?xml version="1.0"?>

<cache-config xmlns:xsi="http://www.w3.org/2001/XMLSchema-instance"
              xmlns="http://xmlns.oracle.com/coherence/coherence-cache-config"
              xsi:schemaLocation="http://xmlns.oracle.com/coherence/coherence-cache-config coherence-cache-config.xsd">
  <defaults>
    <serializer>pof</serializer>
  </defaults>

  <caching-scheme-mapping>
    <cache-mapping>
      <cache-name>contacts</cache-name>
      <scheme-name>examples-remote-cache</scheme-name>
    </cache-mapping>
  </caching-scheme-mapping>

  <caching-schemes>
    <remote-cache-scheme>
      <scheme-name>examples-remote-cache</scheme-name>
      <service-name>RemoteCacheService</service-name>
      <proxy-service-name>TcpProxyService</proxy-service-name>
      <initiator-config>
        <tcp-initiator>
          <!-- use the NameService for connecting to cluster -->
          <name-service-addresses>
            <socket-address>
              <address system-property="coherence.address">127.0.0.1</address>
              <port system-property="coherence.clusterport">5555</port>
            </socket-address>
          </name-service-addresses>
        </tcp-initiator>
      </initiator-config>
    </remote-cache-scheme>

    <remote-invocation-scheme>
      <scheme-name>examples-remote-invocation</scheme-name>
      <service-name>InvocationService</service-name>
      <initiator-config>
        <tcp-initiator>
          <name-service-addresses>
            <socket-address>
              <address system-property="coherence.address">127.0.0.1</address>
              <port system-property="coherence.clusterport">5555</port>
            </socket-address>
          </name-service-addresses>
        </tcp-initiator>
      </initiator-config>
    </remote-invocation-scheme>
  </caching-schemes>
</cache-config>
