<?xml version="1.0"?>

<cache-config xmlns:xsi="http://www.w3.org/2001/XMLSchema-instance"
              xmlns="http://xmlns.oracle.com/coherence/coherence-cache-config"
              xsi:schemaLocation="http://xmlns.oracle.com/coherence/coherence-cache-config coherence-cache-config.xsd">
  <defaults>
    <serializer>pof</serializer>
  </defaults>

  <caching-scheme-mapping>
    <cache-mapping>
      <cache-name>contacts</cache-name>
      <scheme-name>ExamplesPartitionedPofScheme</scheme-name>
      <key-type>com.tangosol.examples.pof.ContactId</key-type>
      <value-type>com.tangosol.examples.pof.Contact</value-type>
    </cache-mapping>
    <cache-mapping>
      <cache-name>security</cache-name>
      <scheme-name>ExamplesPartitionedPofScheme</scheme-name>
    </cache-mapping>
  </caching-scheme-mapping>

  <caching-schemes>
    <distributed-scheme>
      <scheme-name>ExamplesPartitionedPofScheme</scheme-name>
      <service-name>PartitionedPofCache</service-name>
      <backing-map-scheme>
        <local-scheme>
          <!-- each node will be limited to 32MB -->
          <high-units>32M</high-units>
          <unit-calculator>binary</unit-calculator>
        </local-scheme>
      </backing-map-scheme>
      <autostart>true</autostart>
    </distributed-scheme>

    <!--
    proxy scheme that allows extend clients to connect to the cluster over TCP/IP
    -->
    <proxy-scheme>
      <service-name>TcpProxyService</service-name>
      <autostart>true</autostart>
    </proxy-scheme>

    <!--
    Invocation Service scheme.
    -->
    <invocation-scheme>
      <scheme-name>examples-invocation</scheme-name>
      <service-name>InvocationService</service-name>
      <autostart system-property="coherence.invocation.autostart">true</autostart>
    </invocation-scheme>

 </caching-schemes>
</cache-config>