<?xml version="1.0"?>

<pof-config xmlns:xsi="http://www.w3.org/2001/XMLSchema-instance"
              xmlns="http://xmlns.oracle.com/coherence/coherence-pof-config"
              xsi:schemaLocation="http://xmlns.oracle.com/coherence/coherence-pof-config coherence-pof-config.xsd">
  <user-type-list>
    <!-- coherence POF user types -->
    <include>coherence-pof-config.xml</include>

    <!-- com.tangosol.examples package -->
    <user-type>
      <type-id>1001</type-id>
      <class-name>com.tangosol.examples.pof.ContactId</class-name>
    </user-type>
    <user-type>
      <type-id>1002</type-id>
      <class-name>com.tangosol.examples.pof.Contact</class-name>
    </user-type>
    <user-type>
      <type-id>1003</type-id>
      <class-name>com.tangosol.examples.pof.Address</class-name>
    </user-type>
    <user-type>
        <type-id>1004</type-id>
      <class-name>com.tangosol.examples.pof.PhoneNumber</class-name>
    </user-type>
    <user-type>
      <type-id>1005</type-id>
      <class-name>com.tangosol.examples.pof.OfficeUpdater</class-name>
    </user-type>
    <user-type>
      <type-id>1006</type-id>
      <class-name>com.tangosol.examples.pof.FilterFetcher</class-name>
    </user-type>
    <user-type>
      <type-id>1007</type-id>
      <class-name>com.tangosol.examples.pof.ExampleInvocable</class-name>
    </user-type>
    <user-type>
      <type-id>1008</type-id>
      <class-name>com.tangosol.examples.pof.LazyProcessor</class-name>
    </user-type>
    <user-type>
      <type-id>1009</type-id>
      <class-name>com.tangosol.examples.pof.RedistributionInvocable</class-name>
    </user-type>
  </user-type-list>

  <allow-interfaces>true</allow-interfaces>
  <allow-subclasses>true</allow-subclasses>
</pof-config>